actor,movie_or_TV_name
Alexander Michael Helisek,2 Broke Girls
Alexander Michael Helisek,Grey's Anatomy
Alexander Michael Helisek,Interstellar
Alexander Michael Helisek,Silicon Valley
Alexander Michael Helisek,This Is Us
Alexander Michael Helisek,Virgin Eyes
Andrew Borba,Bones
Andrew Borba,Bosch: Legacy
Andrew Borba,CSI: Miami
Andrew Borba,Castle
Andrew Borba,Crossing Jordan
Andrew Borba,Dead in the Room
Andrew Borba,Go On
Andrew Borba,Grey's Anatomy
Andrew Borba,House
Andrew Borba,Interstellar
Andrew Borba,Jericho
Andrew Borba,Live from Baghdad
Andrew Borba,Medium
Andrew Borba,Modern Family
Andrew Borba,Monk
Andrew Borba,NCIS: New Orleans
Andrew Borba,Nine Lives
Andrew Borba,Rosewood
Andrew Borba,S.W.A.T.
Andrew Borba,Speechless
Andrew Borba,Star Trek: Enterprise
Andrew Borba,Station 19
Andrew Borba,Straight Outta Compton
Andrew Borba,Taken 3
Andrew Borba,That '70s Show
Andrew Borba,The Client List
Andrew Borba,The Mentalist
Andrew Borba,The Shield
Andrew Borba,The Sweet Life
Andrew Borba,The West Wing
Andrew Borba,Without a Trace
Anne Hathaway,10 Mountains 10 Years
Anne Hathaway,A New Princess
Anne Hathaway,A Place in Time
Anne Hathaway,Alice Through the Looking Glass
Anne Hathaway,Alice in Wonderland
Anne Hathaway,Alice in Wonderland: Finding Alice
Anne Hathaway,Alice in Wonderland: The Mad Hatter
Anne Hathaway,Armageddon Time
Anne Hathaway,Barbra: The Music ... The Mem'ries ... The Magic!
Anne Hathaway,Becoming Jane
Anne Hathaway,Between Two Ferns with Zach Galifianakis
Anne Hathaway,Bride Wars
Anne Hathaway,Brokeback Mountain
Anne Hathaway,Bulgari: Unexpected Wonders
Anne Hathaway,Bum's Rush
Anne Hathaway,Catwoman: The Feline Femme Fatale
Anne Hathaway,Colossal
Anne Hathaway,Conan
Anne Hathaway,Covidwood
Anne Hathaway,Dark Waters
Anne Hathaway,Dark Waters: The Cost of Being a Hero
Anne Hathaway,Documentary Now!
Anne Hathaway,Don Jon
Anne Hathaway,Don Peyote
Anne Hathaway,E! True Hollywood Story
Anne Hathaway,Eileen
Anne Hathaway,Ella Enchanted
Anne Hathaway,Ending the Knight
Anne Hathaway,Entertainment Tonight
Anne Hathaway,Family Guy
Anne Hathaway,Family Guy Presents: It's a Trap!
Anne Hathaway,Flowervale Street
Anne Hathaway,French Children Don't Throw Food
Anne Hathaway,Get Real
Anne Hathaway,Get Smart
Anne Hathaway,Girl Rising
Anne Hathaway,Havoc
Anne Hathaway,History 101
Anne Hathaway,HitRECord on TV with Joseph Gordon-Levitt
Anne Hathaway,Hoodwinked!
Anne Hathaway,Inside 'Interstellar'
Anne Hathaway,Interstellar
Anne Hathaway,Interstellar: Nolan's Odyssey
Anne Hathaway,Jimmy Kimmel Live!
Anne Hathaway,Kids' Choice Awards
Anne Hathaway,LIVE with Kelly and Mark
Anne Hathaway,Late Night with Conan O'Brien
Anne Hathaway,Late Night with Jimmy Fallon
Anne Hathaway,Late Night with Seth Meyers
Anne Hathaway,Les Misérables
Anne Hathaway,Les Misérables: The History of the World's Greatest Story
Anne Hathaway,Letters to Jackie: Remembering President Kennedy
Anne Hathaway,Lip Sync Battle
Anne Hathaway,Live Fast Die Hot
Anne Hathaway,Live from Studio Five
Anne Hathaway,Locked Down
Anne Hathaway,Love & Other Drugs
Anne Hathaway,MTV Movie & TV Awards
Anne Hathaway,Modern Love
Anne Hathaway,Mother Mary
Anne Hathaway,Mothers' Instinct
Anne Hathaway,"Mr. Runner Up: My Life as an Oscar Bridesmaid, Part 2"
Anne Hathaway,Nicholas Nickleby
Anne Hathaway,Ocean's Eight
Anne Hathaway,Ocean's Team 3.0
Anne Hathaway,On Air with Ryan Seacrest
Anne Hathaway,On the Set: The Princess Diaries 2 – Royal Engagement
Anne Hathaway,One Day
Anne Hathaway,Passengers
Anne Hathaway,Patricia Field: Fashion Visionary
Anne Hathaway,PoliWood
Anne Hathaway,Rachel Getting Married
Anne Hathaway,Rio
Anne Hathaway,Rio 2
Anne Hathaway,Roald Dahl's The Witches
Anne Hathaway,RuPaul's Drag Race
Anne Hathaway,Saturday Night Live
Anne Hathaway,Seesaw Monster
Anne Hathaway,Serenity
Anne Hathaway,Sesame Street
Anne Hathaway,Sesame Street: Elmo's Christmas Countdown
Anne Hathaway,Sesame Street: Elmo's Playdate
Anne Hathaway,She Came to Me
Anne Hathaway,Solos
Anne Hathaway,Song One
Anne Hathaway,StoryBots: Answer Time
Anne Hathaway,Teen Choice Awards
Anne Hathaway,The Daily Show
Anne Hathaway,The Dark Knight Rises
Anne Hathaway,The Devil Wears Prada
Anne Hathaway,The Early Show
Anne Hathaway,The Ellen DeGeneres Show
Anne Hathaway,The Fire Rises: The Creation and Impact of The Dark Knight Trilogy
Anne Hathaway,The Graham Norton Show
Anne Hathaway,The Happy Days of Garry Marshall
Anne Hathaway,The Hustle
Anne Hathaway,The Idea of You
Anne Hathaway,The Intern
Anne Hathaway,The Kelly Clarkson Show
Anne Hathaway,The Last Thing He Wanted
Anne Hathaway,The Late Show with Stephen Colbert
Anne Hathaway,The Lifeboat
Anne Hathaway,The Magical World of Ella Enchanted
Anne Hathaway,The Other Side of Heaven
Anne Hathaway,The Princess Diaries
Anne Hathaway,The Princess Diaries 2: Royal Engagement
Anne Hathaway,The Reichen Show
Anne Hathaway,The Simpsons
Anne Hathaway,The Tonight Show Starring Jimmy Fallon
Anne Hathaway,The Tonight Show with Jay Leno
Anne Hathaway,The View
Anne Hathaway,Valentine's Day
Anne Hathaway,Valentino: The Last Emperor
Anne Hathaway,Variety Studio: Actors on Actors
Anne Hathaway,WWE Survivor Series 2012
Anne Hathaway,Watch What Happens Live with Andy Cohen
Anne Hathaway,WeCrashed
Anne Hathaway,Wide-Awake
Benjamin Hardy,Interstellar
Benjamin Hardy,The Queue
Bill Irwin,3rd Rock from the Sun
Bill Irwin,A Midsummer Night's Dream
Bill Irwin,A New Life
Bill Irwin,Across the Universe
Bill Irwin,Blue Bloods
Bill Irwin,CSI: Crime Scene Investigation
Bill Irwin,Charlie: The Life and Art of Charles Chaplin
Bill Irwin,Circus Kid
Bill Irwin,Confirmation
Bill Irwin,Eight Men Out
Bill Irwin,Elementary
Bill Irwin,Endgame
Bill Irwin,"Goldstar, Ohio"
Bill Irwin,High Tide
Bill Irwin,Higher Ground
Bill Irwin,Hot Shots!
Bill Irwin,How the Grinch Stole Christmas
Bill Irwin,Identity Theft
Bill Irwin,Igby Goes Down
Bill Irwin,Illuminata
Bill Irwin,Interstellar
Bill Irwin,Irresistible
Bill Irwin,It Takes a Lunatic
Bill Irwin,Just the Ticket
Bill Irwin,Lady in the Water
Bill Irwin,Law & Order
Bill Irwin,Law & Order: Criminal Intent
Bill Irwin,Law & Order: Special Victims Unit
Bill Irwin,Legion
Bill Irwin,Life on Mars
Bill Irwin,Lights Out
Bill Irwin,Lust Life Love
Bill Irwin,Memorial: Letters from American Soldiers
Bill Irwin,Monday Mornings
Bill Irwin,Mudflat
Bill Irwin,My Blue Heaven
Bill Irwin,Never Stand Still
Bill Irwin,New Amsterdam
Bill Irwin,Niagara: A History of the Falls
Bill Irwin,Old Hats
Bill Irwin,Popeye
Bill Irwin,Quarry
Bill Irwin,Rachel Getting Married
Bill Irwin,Raving
Bill Irwin,Red Hot + Blue: A Tribute to Cole Porter
Bill Irwin,Ricki and the Flash
Bill Irwin,Rustin
Bill Irwin,Saturday Night Live
Bill Irwin,Scenes from a Mall
Bill Irwin,Sesame Street: 40 Years of Sunny Days
Bill Irwin,Sesame Street: 50th Anniversary Celebration!
Bill Irwin,"Sesame Street: Elmo's World: Families, Mail & Bath Time!"
Bill Irwin,Sesame Street: Elmo's World: Penguins and Friends
Bill Irwin,Sesame Street: Elmo's World: Reach for the Sky!
Bill Irwin,Sesame Street: Elmo's World: What Makes You Happy?
Bill Irwin,Sesame Street: Play All Day with Elmo!
Bill Irwin,Show Boat
Bill Irwin,Silent Tongue
Bill Irwin,Sister Act 2: Back in the Habit
Bill Irwin,Sleepy Hollow
Bill Irwin,Sondheim: A Celebration at Carnegie Hall
Bill Irwin,South of Hell
Bill Irwin,Spoiler Alert
Bill Irwin,Star Trek: Discovery
Bill Irwin,Stepping Out
Bill Irwin,Subway Stories
Bill Irwin,The Adventures of Pete & Pete
Bill Irwin,The Andy Warhol Diaries
Bill Irwin,The Cosby Show
Bill Irwin,The Dropout
Bill Irwin,The Gilded Age
Bill Irwin,The Great Buster: A Celebration
Bill Irwin,The Laramie Project
Bill Irwin,The Last Mile
Bill Irwin,The Manchurian Candidate
Bill Irwin,The Regard of Flight
Bill Irwin,This Is Us
Bill Irwin,Waiting for Godot in San Quentin
Brooke Smith,A Little Help
Brooke Smith,American Horror Story
Brooke Smith,Bad Company
Brooke Smith,Bates Motel
Brooke Smith,Big Sky
Brooke Smith,Blood Clots
Brooke Smith,Bombshell
Brooke Smith,Bosch
Brooke Smith,Chicago Med
Brooke Smith,Chris Watts: Confessions of a Killer
Brooke Smith,Class of '09
Brooke Smith,Crossing Jordan
Brooke Smith,Day Out of Days
Brooke Smith,Dude
Brooke Smith,Eventual Wife
Brooke Smith,FBI: Most Wanted
Brooke Smith,Fair Game
Brooke Smith,Grey's Anatomy
Brooke Smith,Heist
Brooke Smith,Homicide: Life on the Street
Brooke Smith,In Her Shoes
Brooke Smith,Inside the Labyrinth: The Making of 'The Silence of the Lambs'
Brooke Smith,Interstellar
Brooke Smith,Iron Jawed Angels
Brooke Smith,Kansas City
Brooke Smith,Labor Day
Brooke Smith,Last Summer in the Hamptons
Brooke Smith,Law & Order
Brooke Smith,Law & Order: Criminal Intent
Brooke Smith,Law & Order: Special Victims Unit
Brooke Smith,Melinda and Melinda
Brooke Smith,Mr. Wonderful
Brooke Smith,Random Hearts
Brooke Smith,Ray Donovan
Brooke Smith,Remembering Sex
Brooke Smith,See You in the Morning
Brooke Smith,Series 7: The Contenders
Brooke Smith,Shooting Vegetarians
Brooke Smith,Six Feet Under
Brooke Smith,Supergirl
Brooke Smith,The Act
Brooke Smith,The Aspern Papers
Brooke Smith,The Bachelor
Brooke Smith,The Broken Giant
Brooke Smith,The Call of Charlie
Brooke Smith,The Crossing
Brooke Smith,The Equalizer
Brooke Smith,The Good Doctor
Brooke Smith,The Good Fight
Brooke Smith,The Hunger
Brooke Smith,The Larry Sanders Show
Brooke Smith,The Man Who Wasn't There
Brooke Smith,The Moderns
Brooke Smith,The Namesake
Brooke Smith,The Night We Never Met
Brooke Smith,The Pickle
Brooke Smith,The Silence of the Lambs
Brooke Smith,To Each His Own Cinema
Brooke Smith,To the Bone
Brooke Smith,Trees Lounge
Brooke Smith,Unbelievable
Brooke Smith,Vanya on 42nd Street
Brooke Smith,Weeds
Brooke Smith,Who Is Henry Jaglom?
Brooke Smith,World Cinema
Casey Affleck,200 Cigarettes
Casey Affleck,A Ghost Story
Casey Affleck,A Saturday Night Live Christmas Special
Casey Affleck,Ain't Them Bodies Saints
Casey Affleck,American Pie
Casey Affleck,American Pie 2
Casey Affleck,Attention Shoppers
Casey Affleck,Call Black Horse
Casey Affleck,Chasing Amy
Casey Affleck,Close Up with The Hollywood Reporter
Casey Affleck,Committed
Casey Affleck,Desert Blue
Casey Affleck,Dreamin' Wild
Casey Affleck,Drowning Mona
Casey Affleck,Every Breath You Take
Casey Affleck,Floating
Casey Affleck,Gerry
Casey Affleck,Gone Baby Gone
Casey Affleck,Good Will Hunting
Casey Affleck,Hamlet
Casey Affleck,I'm Still Here
Casey Affleck,Inside 'Interstellar'
Casey Affleck,Interstellar
Casey Affleck,LIVE with Kelly and Mark
Casey Affleck,Late Night with Seth Meyers
Casey Affleck,Lemon Sky
Casey Affleck,Light of My Life
Casey Affleck,Lonesome Jim
Casey Affleck,Manchester by the Sea
Casey Affleck,Ocean's Eleven
Casey Affleck,Ocean's Thirteen
Casey Affleck,Ocean's Twelve
Casey Affleck,Oppenheimer
Casey Affleck,Our Friend
Casey Affleck,Out of the Furnace
Casey Affleck,ParaNorman
Casey Affleck,Race the Sun
Casey Affleck,Real Time with Bill Maher
Casey Affleck,Saltlake Van Sant
Casey Affleck,Saturday Night Live
Casey Affleck,Slingshot
Casey Affleck,Soul Survivors
Casey Affleck,Stoner
Casey Affleck,The Assassination of Jesse James by the Coward Robert Ford
Casey Affleck,The Assassination of Jesse James: Death of an Outlaw
Casey Affleck,The Eisen Hour
Casey Affleck,The Finest Hours
Casey Affleck,The Instigators
Casey Affleck,The Kennedys of Massachusetts
Casey Affleck,The Killer Inside Me
Casey Affleck,The Last Kiss
Casey Affleck,The Old Man & the Gun
Casey Affleck,The Smack
Casey Affleck,The World to Come
Casey Affleck,To Die For
Casey Affleck,Tower Heist
Casey Affleck,Triple 9
Casey Affleck,Unity
Casey Affleck,Variety Studio: Actors on Actors
Casey Affleck,WWII in HD: The Air War
Collette Wolfe,100 Questions
Collette Wolfe,17 Again
Collette Wolfe,A Beautiful Now
Collette Wolfe,A.P. Bio
Collette Wolfe,Cougar Town
Collette Wolfe,Devil's Knot
Collette Wolfe,Four Christmases
Collette Wolfe,Friends with Benefits
Collette Wolfe,Great World of Sound
Collette Wolfe,Greek
Collette Wolfe,Grey's Anatomy
Collette Wolfe,Hot Tub Time Machine
Collette Wolfe,Hot Tub Time Machine 2
Collette Wolfe,How I Met Your Mother
Collette Wolfe,Interstellar
Collette Wolfe,Mad Men
Collette Wolfe,Next Caller
Collette Wolfe,Observe and Report
Collette Wolfe,Play Nice
Collette Wolfe,Quantum Leap
Collette Wolfe,Really
Collette Wolfe,Second Nature
Collette Wolfe,Semi-Pro
Collette Wolfe,The Babymakers
Collette Wolfe,The Foot Fist Way
Collette Wolfe,The Office
Collette Wolfe,The Wager
Collette Wolfe,Traffic Light
Collette Wolfe,Young Adult
Collette Wolfe,Your Family or Mine
David Gyasi,Annihilation
David Gyasi,Apparitions
David Gyasi,Belonging
David Gyasi,Carnival Row
David Gyasi,Casualty
David Gyasi,Cloud Atlas
David Gyasi,Cold Blood
David Gyasi,Containment
David Gyasi,Doctor Who
David Gyasi,Hell on the Border
David Gyasi,Hunter Killer
David Gyasi,Inside 'Interstellar'
David Gyasi,Interstellar
David Gyasi,Law & Order: UK
David Gyasi,Maleficent: Mistress of Evil
David Gyasi,Man in an Orange Shirt
David Gyasi,Mike Bassett: Manager
David Gyasi,Panic
David Gyasi,Pulsar
David Gyasi,Red Tails
David Gyasi,Shoot the Messenger
David Gyasi,Shooting Dogs
David Gyasi,The Bastard Son & the Devil Himself
David Gyasi,The Dark Knight Rises
David Gyasi,The Diplomat
David Gyasi,The Sandman
David Gyasi,The Whale
David Gyasi,Torchwood
David Gyasi,Troy: Fall of a City
David Gyasi,Waking the Dead
David Gyasi,What a Girl Wants
David Gyasi,White Heat
David Gyasi,ear for eye
David Oyelowo,9 Kisses
David Oyelowo,96 Minutes
David Oyelowo,A Most Violent Year
David Oyelowo,A Raisin in the Sun
David Oyelowo,A Sound of Thunder
David Oyelowo,A United Kingdom
David Oyelowo,A Wrinkle in Time
David Oyelowo,As Time Goes By
David Oyelowo,As You Like It
David Oyelowo,August 28: A Day in the Life of a People
David Oyelowo,Becoming King
David Oyelowo,Black Hollywood: 'They've Gotta Have Us'
David Oyelowo,Blood And Oil
David Oyelowo,Born Equal
David Oyelowo,Captive
David Oyelowo,Chaos Walking
David Oyelowo,Close Up with The Hollywood Reporter
David Oyelowo,Come Away
David Oyelowo,Complicit
David Oyelowo,Conan
David Oyelowo,Default
David Oyelowo,Derailed
David Oyelowo,Dog Eat Dog
David Oyelowo,Don't Let Go
David Oyelowo,Earth's Great Rivers
David Oyelowo,Earth's Great Rivers II
David Oyelowo,Five Days
David Oyelowo,Five Nights in Maine
David Oyelowo,"Glenn Martin, DDS"
David Oyelowo,Government Cheese
David Oyelowo,Gringo
David Oyelowo,Home Movie: The Princess Bride
David Oyelowo,Interstellar
David Oyelowo,Jack Reacher
David Oyelowo,Jack Reacher: When the Man Comes Around
David Oyelowo,Jimmy Kimmel Live!
David Oyelowo,LIVE with Kelly and Mark
David Oyelowo,Late Night with Seth Meyers
David Oyelowo,Lawmen: Bass Reeves
David Oyelowo,Les Misérables
David Oyelowo,Lincoln
David Oyelowo,Maisie Raine
David Oyelowo,Mayo
David Oyelowo,Middle of Nowhere
David Oyelowo,Nightingale
David Oyelowo,Nina
David Oyelowo,Off Camera with Sam Jones
David Oyelowo,Off Script with The Hollywood Reporter
David Oyelowo,Peter Rabbit 2: The Runaway
David Oyelowo,Queen of Katwe
David Oyelowo,Rage
David Oyelowo,Rahab
David Oyelowo,Red Tails
David Oyelowo,Rise of the Planet of the Apes
David Oyelowo,Role Play
David Oyelowo,See How They Run
David Oyelowo,Selma
David Oyelowo,Sherri
David Oyelowo,Shoot the Messenger
David Oyelowo,Silo
David Oyelowo,Small Island
David Oyelowo,Solitary
David Oyelowo,Spooks
David Oyelowo,Star Wars Rebels
David Oyelowo,Star Wars Rebels: Spark of Rebellion
David Oyelowo,Star Wars Rebels: Steps Into Shadow
David Oyelowo,Star Wars Rebels: The Siege of Lothal
David Oyelowo,Sweet Nothing in My Ear
David Oyelowo,Sweet Thunder
David Oyelowo,Tamron Hall
David Oyelowo,The After
David Oyelowo,The Arsenio Hall Show
David Oyelowo,The Bastard King
David Oyelowo,The Best Man
David Oyelowo,The Book of Clarence
David Oyelowo,The Butler
David Oyelowo,The Cloverfield Paradox
David Oyelowo,The Frame
David Oyelowo,The Girl Before
David Oyelowo,The Help
David Oyelowo,The Joel McHale Show with Joel McHale
David Oyelowo,The Last King of Scotland
David Oyelowo,The Lion Guard
David Oyelowo,The Lion Guard: The Rise of Scar
David Oyelowo,The Midnight Sky
David Oyelowo,The No. 1 Ladies' Detective Agency
David Oyelowo,The Oscars
David Oyelowo,The Paperboy
David Oyelowo,The Passion
David Oyelowo,The Tiger Who Came to Tea
David Oyelowo,The Tonight Show Starring Jimmy Fallon
David Oyelowo,The View
David Oyelowo,The Water Man
David Oyelowo,Tomorrow La Scala!
David Oyelowo,Variety Studio: Actors on Actors
David Oyelowo,Watch What Happens Live with Andy Cohen
David Oyelowo,Who Do You Love
Ellen Burstyn,30 Days
Ellen Burstyn,77 Sunset Strip
Ellen Burstyn,A Deadly Vision
Ellen Burstyn,A Decade Under the Influence
Ellen Burstyn,A Dream of Passion
Ellen Burstyn,A Will of their Own
Ellen Burstyn,About Scout
Ellen Burstyn,According to Greta
Ellen Burstyn,Act of Vengeance
Ellen Burstyn,Alex in Wonderland
Ellen Burstyn,Alice Doesn't Live Here Anymore
Ellen Burstyn,Alice Doesn't Live Here Anymore: Second Chances
Ellen Burstyn,All I Wish
Ellen Burstyn,America Lost and Found: The BBS Story
Ellen Burstyn,American Experience
Ellen Burstyn,American Woman
Ellen Burstyn,And the Oscar Goes To...
Ellen Burstyn,Another Happy Day
Ellen Burstyn,BBStory: An American Film Renaissance
Ellen Burstyn,Bathing Flo
Ellen Burstyn,Be Pretty and Shut Up!
Ellen Burstyn,Ben Casey
Ellen Burstyn,Big Love
Ellen Burstyn,Broadway's Dreamers: The Legacy of the Group Theatre
Ellen Burstyn,Brush with Fate
Ellen Burstyn,Bus Stop
Ellen Burstyn,Checkmate
Ellen Burstyn,Cheyenne
Ellen Burstyn,Coma
Ellen Burstyn,Custody
Ellen Burstyn,Dear America: Letters Home from Vietnam
Ellen Burstyn,Deceiver
Ellen Burstyn,Delphine and Carole
Ellen Burstyn,Divine Secrets of the Ya-Ya Sisterhood
Ellen Burstyn,Dr. Kildare
Ellen Burstyn,Draft Day
Ellen Burstyn,Dying Young
Ellen Burstyn,Earth and the American Dream
Ellen Burstyn,Easy Out?
Ellen Burstyn,"Easy Riders, Raging Bulls: How the Sex, Drugs and Rock 'n' Roll Generation Saved Hollywood"
Ellen Burstyn,Fear and Love: The Story of The Exorcist
Ellen Burstyn,Flash
Ellen Burstyn,Flowers in the Attic
Ellen Burstyn,Follow The River
Ellen Burstyn,For Those Who Think Young
Ellen Burstyn,Friedkin Uncut
Ellen Burstyn,Fuddy Meers
Ellen Burstyn,Getting Gotti
Ellen Burstyn,Getting Out
Ellen Burstyn,Going My Way
Ellen Burstyn,Goodbye Charlie
Ellen Burstyn,Grand Isle
Ellen Burstyn,Gunsmoke
Ellen Burstyn,Hallmark Hall of Fame
Ellen Burstyn,Hanna's War
Ellen Burstyn,Harry and Tonto
Ellen Burstyn,Hello Actors Studio
Ellen Burstyn,House of Cards
Ellen Burstyn,How to Make an American Quilt
Ellen Burstyn,Hubert Selby Jr: It/ll Be Better Tomorrow
Ellen Burstyn,I Love Liberty
Ellen Burstyn,"I'm Dickens, He's Fenster"
Ellen Burstyn,Inside the Actors Studio
Ellen Burstyn,Interstellar
Ellen Burstyn,Into Thin Air
Ellen Burstyn,Kraft Suspense Theatre
Ellen Burstyn,Law & Order: Organized Crime
Ellen Burstyn,Law & Order: Special Victims Unit
Ellen Burstyn,Leap of Faith: William Friedkin on The Exorcist
Ellen Burstyn,Les Rendez-vous du dimanche
Ellen Burstyn,Letter to Loretta
Ellen Burstyn,"Love, Marilyn"
Ellen Burstyn,"Lovely, Still"
Ellen Burstyn,Lucy in the Sky
Ellen Burstyn,Main Street
Ellen Burstyn,Marilyn Monroe: Auction of a Lifetime
Ellen Burstyn,Marilyn in Manhattan
Ellen Burstyn,"Martin Scorsese, l'Italo-Américain"
Ellen Burstyn,"Memories, Dreams & Addictions"
Ellen Burstyn,Mermaid
Ellen Burstyn,Mitch Albom's For One More Day
Ellen Burstyn,Mom
Ellen Burstyn,"Mother, Couch"
Ellen Burstyn,Mrs. Harris
Ellen Burstyn,Mrs. Lambert Remembers Love
Ellen Burstyn,My Brother's Keeper
Ellen Burstyn,Night Ride Home
Ellen Burstyn,Night of 100 Stars
Ellen Burstyn,Night of 100 Stars II
Ellen Burstyn,Nostalgia
Ellen Burstyn,Our Fathers
Ellen Burstyn,Pack of Lies
Ellen Burstyn,People vs. Jean Harris
Ellen Burstyn,Perry Mason
Ellen Burstyn,Petals on the Wind
Ellen Burstyn,"Picture This: The Times of Peter Bogdanovich in Archer City, Texas"
Ellen Burstyn,Pieces of a Woman
Ellen Burstyn,Pit Stop
Ellen Burstyn,Playing by Heart
Ellen Burstyn,PoliWood
Ellen Burstyn,Political Animals
Ellen Burstyn,Providence
Ellen Burstyn,Queen Bees
Ellen Burstyn,Red Dragon
Ellen Burstyn,Reflections of a Philosopher King
Ellen Burstyn,Reframed: Marilyn Monroe
Ellen Burstyn,Requiem for a Dream
Ellen Burstyn,Resurrection
Ellen Burstyn,Ricochet
Ellen Burstyn,River of Fundament
Ellen Burstyn,Roommates
Ellen Burstyn,"Same Time, Next Year"
Ellen Burstyn,Saturday Night Live
Ellen Burstyn,Silence of the North
Ellen Burstyn,Someday This Pain Will Be Useful to You
Ellen Burstyn,Something In Common
Ellen Burstyn,Stardust: The Bette Davis Story
Ellen Burstyn,Steven Arnold: Heavenly Bodies
Ellen Burstyn,Surfside 6
Ellen Burstyn,Surviving
Ellen Burstyn,Taking Back My Life: The Nancy Ziegenmeyer Story
Ellen Burstyn,That's Life
Ellen Burstyn,The Age of Adaline
Ellen Burstyn,The Ambassador
Ellen Burstyn,The Baby-Sitters Club
Ellen Burstyn,The Big Valley
Ellen Burstyn,The Book of Daniel
Ellen Burstyn,The Calling
Ellen Burstyn,The Cemetery Club
Ellen Burstyn,The Christmas Tree
Ellen Burstyn,The Color of Evening
Ellen Burstyn,The Defenders
Ellen Burstyn,The Detectives
Ellen Burstyn,The Elephant King
Ellen Burstyn,The Ellen Burstyn Show
Ellen Burstyn,The Exorcist
Ellen Burstyn,The Exorcist: Believer
Ellen Burstyn,The Fear of God: 25 Years of The Exorcist
Ellen Burstyn,The First Lady
Ellen Burstyn,The Five People You Meet In Heaven
Ellen Burstyn,The Fountain
Ellen Burstyn,The Greatest Show on Earth
Ellen Burstyn,The Horror Hall of Fame: A Monster Salute
Ellen Burstyn,The House of Tomorrow
Ellen Burstyn,The King of Marvin Gardens
Ellen Burstyn,The Last Picture Show
Ellen Burstyn,The Last Picture Show: A Look Back
Ellen Burstyn,The Loss of a Teardrop Diamond
Ellen Burstyn,The Madam's Family: The Truth About the Canal Street Brothel
Ellen Burstyn,The Making of Requiem for a Dream
Ellen Burstyn,The Many Loves of Dobie Gillis
Ellen Burstyn,The Mighty Macs
Ellen Burstyn,The Oscars
Ellen Burstyn,The Patron Saint of Liars
Ellen Burstyn,The Rosie O'Donnell Show
Ellen Burstyn,The Spitfire Grill
Ellen Burstyn,The Stone Angel
Ellen Burstyn,The Tale
Ellen Burstyn,The Time Tunnel
Ellen Burstyn,The Velveteen Rabbit
Ellen Burstyn,The View
Ellen Burstyn,The Wicker Man
Ellen Burstyn,The Yards
Ellen Burstyn,Three Months
Ellen Burstyn,Thursday's Game
Ellen Burstyn,Timepiece
Ellen Burstyn,Tony Awards
Ellen Burstyn,Trick of the Eye
Ellen Burstyn,Tropic of Cancer
Ellen Burstyn,Twice in a Lifetime
Ellen Burstyn,Two Men in Town
Ellen Burstyn,Unity
Ellen Burstyn,Vacation Playhouse
Ellen Burstyn,W.
Ellen Burstyn,Walking Across Egypt
Ellen Burstyn,Watch on the Rhine
Ellen Burstyn,When You Remember Me
Ellen Burstyn,When a Man Loves a Woman
Ellen Burstyn,Wiener-Dog
Ellen Burstyn,Wish You Well
Ellen Burstyn,Within These Walls
Ellen Burstyn,You Can Thank Me Later
Elyes Gabel,A Most Violent Year
Elyes Gabel,Apparitions
Elyes Gabel,Body of Proof
Elyes Gabel,Boogeyman 3
Elyes Gabel,Casualty
Elyes Gabel,Dead Set
Elyes Gabel,Game of Thrones
Elyes Gabel,I Love Mummy
Elyes Gabel,Identity
Elyes Gabel,Interstellar
Elyes Gabel,Justice League vs. the Fatal Five
Elyes Gabel,Kingdom of Dust
Elyes Gabel,Scorpion
Elyes Gabel,Spooks: The Greater Good
Elyes Gabel,Suspicion
Elyes Gabel,The Borgias
Elyes Gabel,Waterloo Road
Elyes Gabel,Welcome to the Punch
Elyes Gabel,World War Z
Flora Nolan,Interstellar
Flora Nolan,Love Bomb Baby
Flora Nolan,Oppenheimer
Flora Nolan,Robster
Francis X. McCarthy,10.5: Apocalypse
Francis X. McCarthy,21 Jump Street
Francis X. McCarthy,3rd Rock from the Sun
Francis X. McCarthy,9-1-1
Francis X. McCarthy,A Case of Deadly Force
Francis X. McCarthy,A Last Cry for Help
Francis X. McCarthy,ALF
Francis X. McCarthy,Abuse of Power
Francis X. McCarthy,Action Jackson
Francis X. McCarthy,Alcatraz: The Whole Shocking Story
Francis X. McCarthy,Alien Nation
Francis X. McCarthy,All God's Children
Francis X. McCarthy,Altered States
Francis X. McCarthy,BASEketball
Francis X. McCarthy,Babylon 5
Francis X. McCarthy,Bates Motel
Francis X. McCarthy,Beyond Borders
Francis X. McCarthy,Black Widower
Francis X. McCarthy,CAT. 8
Francis X. McCarthy,Carpool
Francis X. McCarthy,Cheers
Francis X. McCarthy,Cutter's Way
Francis X. McCarthy,Dead Center
Francis X. McCarthy,Dead Men Don't Wear Plaid
Francis X. McCarthy,Death Spa
Francis X. McCarthy,Diplomatic Siege
Francis X. McCarthy,Downtown
Francis X. McCarthy,Ernie Kovacs: Between the Laughter
Francis X. McCarthy,False Pretenses
Francis X. McCarthy,Farrell: For the People
Francis X. McCarthy,Frasier
Francis X. McCarthy,Going for Broke
Francis X. McCarthy,Happy Endings
Francis X. McCarthy,Hardcastle and McCormick
Francis X. McCarthy,Hellinger's Law
Francis X. McCarthy,Hidden Agenda
Francis X. McCarthy,Illegal in Blue
Francis X. McCarthy,Imaginaerum
Francis X. McCarthy,Interstellar
Francis X. McCarthy,MacGruder and Loud
Francis X. McCarthy,Melrose Place
Francis X. McCarthy,Moonlighting
Francis X. McCarthy,Motive
Francis X. McCarthy,NCIS
Francis X. McCarthy,Night Visions
Francis X. McCarthy,Nightwaves
Francis X. McCarthy,Nightwish: Making of Imaginaerum
Francis X. McCarthy,No Good Deed
Francis X. McCarthy,Nowhere Man
Francis X. McCarthy,On the Basis of Sex
Francis X. McCarthy,Out of Control
Francis X. McCarthy,Pennies from Heaven
Francis X. McCarthy,Perception
Francis X. McCarthy,Red Rover
Francis X. McCarthy,Rudy: The Rudy Giuliani Story
Francis X. McCarthy,Second Chance
Francis X. McCarthy,See Jane Date
Francis X. McCarthy,Shadow of Obsession
Francis X. McCarthy,Smallville
Francis X. McCarthy,Stop at Nothing
Francis X. McCarthy,Summer Rental
Francis X. McCarthy,Summer School
Francis X. McCarthy,Supernatural
Francis X. McCarthy,That Was Then... This Is Now
Francis X. McCarthy,The A-Team
Francis X. McCarthy,The French Atlantic Affair
Francis X. McCarthy,The Great War
Francis X. McCarthy,The John Larroquette Show
Francis X. McCarthy,The Love Boat
Francis X. McCarthy,The Man with Two Brains
Francis X. McCarthy,The Practice
Francis X. McCarthy,The Relic
Francis X. McCarthy,The Return of Hunter: Everyone Walks in L.A.
Francis X. McCarthy,The Seven Year Hitch
Francis X. McCarthy,The Sting II
Francis X. McCarthy,The Stranger
Francis X. McCarthy,Tuff Turf
Francis X. McCarthy,Zoot Suit
Francis X. McCarthy,seaQuest DSV
Griffen Fraser,Interstellar
Jeff Hephner,Agent X
Jeff Hephner,An Acceptable Loss
Jeff Hephner,Boss
Jeff Hephner,CSI: Crime Scene Investigation
Jeff Hephner,CSI: Miami
Jeff Hephner,Capitol Law
Jeff Hephner,Castle
Jeff Hephner,Chicago Fire
Jeff Hephner,Chicago Med
Jeff Hephner,Criminal Minds
Jeff Hephner,Drop Dead Diva
Jeff Hephner,Easy Money
Jeff Hephner,For All Mankind
Jeff Hephner,Free Ride
Jeff Hephner,Ghost Whisperer
Jeff Hephner,Hellcats
Jeff Hephner,House
Jeff Hephner,Interstellar
Jeff Hephner,Law & Order: Criminal Intent
Jeff Hephner,Love Takes Flight
Jeff Hephner,Maid in Manhattan
Jeff Hephner,Mars
Jeff Hephner,NCIS
Jeff Hephner,Oppenheimer
Jeff Hephner,Peppermint
Jeff Hephner,Power Book II: Ghost
Jeff Hephner,Shoot First And Pray You Live
Jeff Hephner,The 19th Wife
Jeff Hephner,The Jury
Jeff Hephner,The Shuroo Process
Jeff Hephner,The Water Is Wide
Jeff Hephner,Tigerland
Jeff Hephner,Without a Trace
Jessica Chastain,A Most Violent Year
Jessica Chastain,ARES: live
Jessica Chastain,Agatha Christie's Poirot
Jessica Chastain,Armageddon Time
Jessica Chastain,Ava
Jessica Chastain,Better Angels: The Gospel According to Tammy Faye
Jessica Chastain,Between Two Ferns with Zach Galifianakis
Jessica Chastain,Blackbeard
Jessica Chastain,Chelsea
Jessica Chastain,Close Up with The Hollywood Reporter
Jessica Chastain,Conan
Jessica Chastain,Coriolanus
Jessica Chastain,Creating a Character: The Moni Yakim Legacy
Jessica Chastain,Crimson Peak
Jessica Chastain,Dark Phoenix
Jessica Chastain,Dark Shadows
Jessica Chastain,Dreams
Jessica Chastain,ER
Jessica Chastain,El hormiguero
Jessica Chastain,Exploring 'The Tree of Life'
Jessica Chastain,George & Tammy
Jessica Chastain,Goldene Kamera Verleihung
Jessica Chastain,Hand Tailored Gothic
Jessica Chastain,I Am Jane Doe
Jessica Chastain,I Am Not Alone
Jessica Chastain,I Remember Crimson Peak
Jessica Chastain,Inside 'Interstellar'
Jessica Chastain,Interstellar
Jessica Chastain,Interstellar: Nolan's Odyssey
Jessica Chastain,It Chapter Two
Jessica Chastain,Jimmy Kimmel Live!
Jessica Chastain,Jolene
Jessica Chastain,Journeyman
Jessica Chastain,LIVE with Kelly and Mark
Jessica Chastain,Late Night with Seth Meyers
Jessica Chastain,Law & Order: Trial by Jury
Jessica Chastain,Lawless
Jessica Chastain,"Lear, Rex"
Jessica Chastain,Letters to Jackie: Remembering President Kennedy
Jessica Chastain,Leute heute
Jessica Chastain,Liv Ullmann: A Road Less Travelled
Jessica Chastain,Losing Clementine
Jessica Chastain,Madagascar 3: Europe's Most Wanted
Jessica Chastain,Madonna: Rebel Heart Tour
Jessica Chastain,Mama
Jessica Chastain,Memory
Jessica Chastain,Miss Julie
Jessica Chastain,Miss Sloane
Jessica Chastain,Molly's Game
Jessica Chastain,Mothers' Instinct
Jessica Chastain,Off Camera with Sam Jones
Jessica Chastain,Plus One
Jessica Chastain,Reframed: Marilyn Monroe
Jessica Chastain,Salomé
Jessica Chastain,Saturday Night Live
Jessica Chastain,Scenes from a Marriage
Jessica Chastain,Scripted Content
Jessica Chastain,Seduced and Abandoned
Jessica Chastain,Seducing Ingrid Bergman
Jessica Chastain,Spheres
Jessica Chastain,Stolen
Jessica Chastain,Take Shelter
Jessica Chastain,Texas Killing Fields
Jessica Chastain,The 355
Jessica Chastain,The Color of Time
Jessica Chastain,The Daily Show
Jessica Chastain,The Debt
Jessica Chastain,The Disappearance of Eleanor Rigby: Her
Jessica Chastain,The Disappearance of Eleanor Rigby: Him
Jessica Chastain,The Disappearance of Eleanor Rigby: Them
Jessica Chastain,The Division
Jessica Chastain,The Eyes of Tammy Faye
Jessica Chastain,The Forgiven
Jessica Chastain,The Good Nurse
Jessica Chastain,The Graham Norton Show
Jessica Chastain,The Help
Jessica Chastain,The House Is Alive: Constructing 'Crimson Peak'
Jessica Chastain,The Huntsman: Winter's War
Jessica Chastain,The Kelly Clarkson Show
Jessica Chastain,The Late Show with Stephen Colbert
Jessica Chastain,The Light and Dark of Crimson Peak
Jessica Chastain,The Long Way Home: Making 'The Martian'
Jessica Chastain,The Martian
Jessica Chastain,The Oscars
Jessica Chastain,The Sands Between
Jessica Chastain,The Savant
Jessica Chastain,The Summers of IT: Chapter One
Jessica Chastain,The Summers of IT: Chapter Two
Jessica Chastain,The Tonight Show Starring Jimmy Fallon
Jessica Chastain,The Tree of Life
Jessica Chastain,The View
Jessica Chastain,The Westerner
Jessica Chastain,The Zookeeper's Wife
Jessica Chastain,This Changes Everything
Jessica Chastain,Touch of Evil
Jessica Chastain,Unity
Jessica Chastain,Untitled Holiday Comedy Project
Jessica Chastain,Variety Studio: Actors on Actors
Jessica Chastain,Veronica Mars
Jessica Chastain,Very Ralph
Jessica Chastain,Watch What Happens Live with Andy Cohen
Jessica Chastain,Wilde Salomé
Jessica Chastain,Woman Walks Ahead
Jessica Chastain,Zero Dark Thirty
John Lithgow,2010
John Lithgow,30 Rock
John Lithgow,3rd Rock from the Sun
John Lithgow,9 Kisses
John Lithgow,95 Worlds and Counting
John Lithgow,A Civil Action
John Lithgow,A Good Man in Africa
John Lithgow,All That Jazz
John Lithgow,Amazing Stories
John Lithgow,American Cinema
John Lithgow,Art Happens Here with John Lithgow
John Lithgow,At Play in the Fields of the Lord
John Lithgow,Baby Girl Scott
John Lithgow,"Bark, George"
John Lithgow,Beatriz at Dinner
John Lithgow,Best of Enemies
John Lithgow,Big Blonde
John Lithgow,Blow Out
John Lithgow,Bombshell
John Lithgow,Broadway: The Next Generation
John Lithgow,Buckaroo Banzai Declassified
John Lithgow,Cabrini
John Lithgow,Car of the Future
John Lithgow,Casting By
John Lithgow,Chez Bob
John Lithgow,Cliffhanger
John Lithgow,Close Up with The Hollywood Reporter
John Lithgow,Conan
John Lithgow,Conclave
John Lithgow,Confessions of a Shopaholic
John Lithgow,Cosby
John Lithgow,Daddy's Home 2
John Lithgow,Dealing: Or the Berkeley-to-Boston Forty-Brick Lost-Bag Blues
John Lithgow,Dexter
John Lithgow,Dexter: New Blood
John Lithgow,Dick Van Dyke: 98 Years of Magic
John Lithgow,Disclosure
John Lithgow,Distant Thunder
John Lithgow,Dogs and More Dogs
John Lithgow,Don Quixote
John Lithgow,Dreamgirls
John Lithgow,E! Live from the Red Carpet
John Lithgow,Einstein's Big Idea
John Lithgow,Emily @ the Edge of Chaos
John Lithgow,Faerie Tale Theatre
John Lithgow,Finding Your Roots
John Lithgow,Firing Line with Margaret Hoover
John Lithgow,Footloose
John Lithgow,Frasier
John Lithgow,Give My Regards to Broadway
John Lithgow,Goldilocks and the Three Bears
John Lithgow,Great Performances
John Lithgow,Hallmark Hall of Fame
John Lithgow,Harry and the Hendersons
John Lithgow,Hickory Dickory Doc
John Lithgow,Hollow Point
John Lithgow,Homegrown
John Lithgow,How I Met Your Mother
John Lithgow,I'm Dancing as Fast as I Can
John Lithgow,Inside 'Interstellar'
John Lithgow,Interstellar
John Lithgow,Ivory Hunters
John Lithgow,James Cameron's Story of Science Fiction
John Lithgow,Jimpa
John Lithgow,John Lithgow's Kid-Sized Concert
John Lithgow,Johnny Skidmarks
John Lithgow,Killers of the Flower Moon
John Lithgow,Kinsey
John Lithgow,Late Night
John Lithgow,Late Night with Conan O'Brien
John Lithgow,Late Night with Seth Meyers
John Lithgow,Leap Year
John Lithgow,Liv Ullmann: A Road Less Travelled
John Lithgow,Live in Front of a Studio Audience: The Facts of Life and Diff'rent Strokes
John Lithgow,Lord John
John Lithgow,Love Is Strange
John Lithgow,"Love, Cheat & Steal"
John Lithgow,Marvin Hamlisch: What He Did For Love
John Lithgow,Memphis Belle
John Lithgow,Mesmerized
John Lithgow,Miracle in a Box: A Piano Reborn
John Lithgow,Miss Sloane
John Lithgow,Mister Rogers: It's You I Like
John Lithgow,"Mom, the Wolfman and Me"
John Lithgow,My Brother's Keeper
John Lithgow,Myths and Hymns
John Lithgow,NOVA
John Lithgow,National Theatre Live: The Magistrate
John Lithgow,New Year's Eve
John Lithgow,Night of 100 Stars III
John Lithgow,Not in Front of the Children
John Lithgow,Obsession
John Lithgow,Ode to Joy: Beethoven's Symphony No. 9
John Lithgow,Officer Buckle and Gloria
John Lithgow,On Broadway
John Lithgow,Once Upon a Time in Wonderland
John Lithgow,Orange County
John Lithgow,Out Cold
John Lithgow,Perry Mason
John Lithgow,Pet Sematary
John Lithgow,Pet Sematary: The Tale of Timmy Baterman
John Lithgow,Pitch Perfect 3
John Lithgow,Princess Caraboo
John Lithgow,Prohibition
John Lithgow,Projections of America
John Lithgow,Raising Cain
John Lithgow,Redwood Curtain
John Lithgow,Resting Place
John Lithgow,Rich Kids
John Lithgow,Ricochet
John Lithgow,Rise of the Planet of the Apes
John Lithgow,Rugrats in Paris: The Movie
John Lithgow,Sangre
John Lithgow,Santa Claus: The Making of the Movie
John Lithgow,Santa Claus: The Movie
John Lithgow,Saturday Night Live
John Lithgow,Secret Service
John Lithgow,Shakespeare Live! From the RSC
John Lithgow,Sharper
John Lithgow,Sherri
John Lithgow,ShowBusiness: The Road to Broadway
John Lithgow,Shrek
John Lithgow,Shrek Stories
John Lithgow,Shrek in the Swamp Karaoke Dance Party
John Lithgow,Shrek: Once Upon a Time
John Lithgow,Silent Fall
John Lithgow,Special Effects: Anything Can Happen
John Lithgow,Spellbound
John Lithgow,Stars in the House
John Lithgow,Sylvester and the Magic Pebble
John Lithgow,Tales from the Crypt
John Lithgow,Tales from the Crypt: The Robert Zemeckis Collection
John Lithgow,Terms of Endearment
John Lithgow,The Accountant
John Lithgow,The Adventures of Buckaroo Banzai Across the 8th Dimension
John Lithgow,The Amazing Bone
John Lithgow,The Apprentice: Martha Stewart
John Lithgow,The Best of The Tony Awards: The Plays
John Lithgow,The Big Fix
John Lithgow,The Boys
John Lithgow,The Bubble
John Lithgow,The Campaign
John Lithgow,The Colbert Report
John Lithgow,The Country Girl
John Lithgow,The Country Mouse & the City Mouse: A Christmas Tale
John Lithgow,The Crown
John Lithgow,The Daily Show
John Lithgow,The Day After
John Lithgow,The Early Show
John Lithgow,The Ghost of Lord Farquaad
John Lithgow,The Glitter Dome
John Lithgow,The Graham Norton Show
John Lithgow,The Great Celebrity Bake Off for Stand Up To Cancer
John Lithgow,The Great Robot Race: The DARPA Grand Challenge
John Lithgow,The Homesman
John Lithgow,The Investigation: A Search for the Truth in Ten Acts
John Lithgow,The Jungle Bunch 2: The Great Treasure Quest
John Lithgow,The Kelly Clarkson Show
John Lithgow,The Late Show with Stephen Colbert
John Lithgow,The Life and Death of Peter Sellers
John Lithgow,The Macabre World of Lavender Williams
John Lithgow,The Manhattan Project
John Lithgow,The Old Man
John Lithgow,The Oldest Living Graduate
John Lithgow,The Pelican Brief
John Lithgow,The Pulitzer At 100
John Lithgow,The Roosevelts: An Intimate History
John Lithgow,The Rosie O'Donnell Show
John Lithgow,The Rule of Jenny Pen
John Lithgow,The Simpsons
John Lithgow,The Tomorrow Man
John Lithgow,The Tonight Show Starring Jimmy Fallon
John Lithgow,The Tony Danza Show
John Lithgow,The Tuskegee Airmen
John Lithgow,The View
John Lithgow,The West
John Lithgow,The World According to Garp
John Lithgow,The Wrong Man
John Lithgow,They All Saw a Cat
John Lithgow,This Is 40
John Lithgow,Timms Valley
John Lithgow,Today
John Lithgow,Tony Awards
John Lithgow,Traveling Man
John Lithgow,Trial & Error
John Lithgow,Twenty Good Years
John Lithgow,Twilight Zone: The Movie
John Lithgow,Ultra City Smiths
John Lithgow,VH1 Goes Inside
John Lithgow,Variety Studio: Actors on Actors
John Lithgow,Watch What Happens Live with Andy Cohen
John Lithgow,World War II: When Lions Roared
Joseph Oliveira,A Date with Miss Fortune
Joseph Oliveira,Alone We Fight
Joseph Oliveira,American Psycho
Joseph Oliveira,American Woman
Joseph Oliveira,Central Intelligence
Joseph Oliveira,Changing Lanes
Joseph Oliveira,Frank and Cindy
Joseph Oliveira,Fraternitas
Joseph Oliveira,Interstellar
Joseph Oliveira,Jaws
Joseph Oliveira,Jungleland
Joseph Oliveira,Killing Season
Joseph Oliveira,Law & Order: Special Victims Unit
Joseph Oliveira,"Love, Weddings & Other Disasters"
Joseph Oliveira,Meet The Santas
Joseph Oliveira,NOS4A2
Joseph Oliveira,November Criminals
Joseph Oliveira,Only
Joseph Oliveira,Proud Mary
Joseph Oliveira,Southern Comfort
Joseph Oliveira,Tehran
Joseph Oliveira,The Catcher Was a Spy
Joseph Oliveira,The Dark Knight
Joseph Oliveira,The Departed
Joseph Oliveira,The Gates of Hell
Joseph Oliveira,The Imitation Game
Joseph Oliveira,The Pink Panther 2
Joseph Oliveira,The Wolf of Wall Street
Joseph Oliveira,Whiplash
Josh Stewart,Back Fork
Josh Stewart,Beneath the Dark
Josh Stewart,CSI: Crime Scene Investigation
Josh Stewart,CSI: Miami
Josh Stewart,Cold Moon
Josh Stewart,Criminal Minds
Josh Stewart,Dirt
Josh Stewart,Discarnate
Josh Stewart,Event 15
Josh Stewart,Ghost Whisperer
Josh Stewart,Grimm
Josh Stewart,Insidious: The Last Key
Josh Stewart,Interstellar
Josh Stewart,Jekyll
Josh Stewart,Law Abiding Citizen
Josh Stewart,"Lenexa, 1 Mile"
Josh Stewart,Lifeline
Josh Stewart,Malicious
Josh Stewart,Manhunt
Josh Stewart,Marvel's The Punisher
Josh Stewart,Miami Medical
Josh Stewart,No Names
Josh Stewart,No Ordinary Family
Josh Stewart,Raising the Bar
Josh Stewart,Shooter
Josh Stewart,Southland
Josh Stewart,Tenet
Josh Stewart,The Collection
Josh Stewart,The Collector
Josh Stewart,The Curious Case of Benjamin Button
Josh Stewart,The Dark Knight Rises
Josh Stewart,The Death and Life of Bobby Z
Josh Stewart,The Finest Hours
Josh Stewart,The Haunting of Molly Hartley
Josh Stewart,The Hunted
Josh Stewart,The Mentalist
Josh Stewart,The Mustang
Josh Stewart,The Neighbor
Josh Stewart,The Rookie
Josh Stewart,The Walking Dead
Josh Stewart,The Walking Dead - Webisodes
Josh Stewart,Third Watch
Josh Stewart,Transcendence
Josh Stewart,War Machine
Kristian Van der Heyden,Interstellar
Kristian Van der Heyden,Spoed
Kristian Van der Heyden,Zone Stad
Leah Cairns,88 Minutes
Leah Cairns,Along Came a Nanny
Leah Cairns,Bates Motel
Leah Cairns,Battlestar Galactica
Leah Cairns,Battlestar Galactica: The Plan
Leah Cairns,Blood Angels
Leah Cairns,Darrow & Darrow: In The Key Of Murder
Leah Cairns,Dead Over Heels: An Aurora Teagarden Mystery
Leah Cairns,Deep Evil
Leah Cairns,Godiva's
Leah Cairns,Helen
Leah Cairns,Interstellar
Leah Cairns,Kyle XY
Leah Cairns,Mega Cyclone
Leah Cairns,Motive
Leah Cairns,Past Malice: An Emma Fielding Mystery
Leah Cairns,Robson Arms
Leah Cairns,Sanctuary
Leah Cairns,Saving Milly
Leah Cairns,Site Unseen: An Emma Fielding Mystery
Leah Cairns,Supernatural
Leah Cairns,The Reality of Love
Leah Cairns,The Tomorrow People
Leah Cairns,Travelers
Leah Cairns,Tru Calling
Lena Georgas,All Rise
Lena Georgas,Dirty John
Lena Georgas,FlashForward
Lena Georgas,Hawaii Five-0
Lena Georgas,Interstellar
Lena Georgas,Kingdom Hospital
Lena Georgas,Law & Order
Lena Georgas,Law & Order: Special Victims Unit
Lena Georgas,Lethal Weapon
Lena Georgas,Lucifer
Lena Georgas,NCIS
Lena Georgas,Prime Suspect
Lena Georgas,Refuge
Lena Georgas,Rizzoli & Isles
Lena Georgas,Scorpion
Lena Georgas,Stephen King's Kingdom Hospital
Lena Georgas,Westworld
Liam Dickinson,Home Invasion
Liam Dickinson,Interstellar
Liam Dickinson,R. L. Stine's The Haunting Hour
Liam Dickinson,Riverdale
Liam Dickinson,Wait Till Helen Comes
Mackenzie Foy,'Til Death
Mackenzie Foy,Black Beauty
Mackenzie Foy,Black Eyed Dog
Mackenzie Foy,FlashForward
Mackenzie Foy,Hawaii Five-0
Mackenzie Foy,Interstellar
Mackenzie Foy,Jesse Stone: Lost in Paradise
Mackenzie Foy,R. L. Stine's The Haunting Hour
Mackenzie Foy,The Boxcar Children
Mackenzie Foy,The Conjuring
Mackenzie Foy,The Cookie Mobster
Mackenzie Foy,The Kelly Clarkson Show
Mackenzie Foy,The Little Prince
Mackenzie Foy,The Man Who Saved Paris
Mackenzie Foy,The Nutcracker and the Four Realms
Mackenzie Foy,The Tonight Show Starring Jimmy Fallon
Mackenzie Foy,The Twilight Saga: Breaking Dawn - Part 1
Mackenzie Foy,The Twilight Saga: Breaking Dawn - Part 2
Mackenzie Foy,Wish You Well
Matt Damon,'Saving Private Ryan': Boot Camp
Matt Damon,14 Actors Acting
Matt Damon,2007 Boston Red Sox: The Official World Series Film
Matt Damon,30 Rock
Matt Damon,A Saturday Night Live Christmas Special
Matt Damon,ARES: live
Matt Damon,After Frank
Matt Damon,Air
Matt Damon,All the Pretty Horses
Matt Damon,American Idol
Matt Damon,American Teacher
Matt Damon,Animals
Matt Damon,Backpack Full of Cash
Matt Damon,Behind the Candelabra
Matt Damon,Boston
Matt Damon,Brave Blue World: Racing to Solve Our Water Crisis
Matt Damon,Celebrities Uncensored
Matt Damon,Chasing Amy
Matt Damon,Che: Part Two
Matt Damon,Clerk
Matt Damon,Close Up with The Hollywood Reporter
Matt Damon,Coda: Thirty Years Later
Matt Damon,Conan
Matt Damon,Confessions of a Dangerous Mind
Matt Damon,Contagion
Matt Damon,Courage Under Fire
Matt Damon,De Wereld Draait Door
Matt Damon,Deadpool 2
Matt Damon,Die Clint Eastwood Story
Matt Damon,Dogma
Matt Damon,Downsizing
Matt Damon,Drive-Away Dolls
Matt Damon,Elysium
Matt Damon,Encyclopedia of Useless Facts Around The Earth
Matt Damon,Entertainment Tonight
Matt Damon,Entourage
Matt Damon,EuroTrip
Matt Damon,Field of Dreams
Matt Damon,Final Cut: Ladies and Gentlemen
Matt Damon,Finding Forrester
Matt Damon,Firing Line with Margaret Hoover
Matt Damon,Ford v Ferrari
Matt Damon,Ford v Ferrari: Bringing the Rivalry to Life
Matt Damon,Geeking Out
Matt Damon,Geronimo: An American Legend
Matt Damon,Gerry
Matt Damon,Glory Daze
Matt Damon,Golden Globe Awards
Matt Damon,Good Will Hunting
Matt Damon,Green Zone
Matt Damon,Happy Feet Two
Matt Damon,Heath Ledger: A Tribute
Matt Damon,Hereafter
Matt Damon,His Way
Matt Damon,Honest Trailers
Matt Damon,Hot Ones
Matt Damon,Howard Zinn: You Can't Be Neutral on a Moving Train
Matt Damon,IF
Matt Damon,Inside 'The Talented Mr. Ripley'
Matt Damon,Inside Christopher Nolan's Oppenheimer
Matt Damon,Inside Job
Matt Damon,Inside the Actors Studio
Matt Damon,Interstellar
Matt Damon,Invictus
Matt Damon,Jason Bourne
Matt Damon,Jay Leno's Garage
Matt Damon,Jay and Silent Bob Reboot
Matt Damon,Jay and Silent Bob Strike Back
Matt Damon,Jersey Girl
Matt Damon,Jimmy Kimmel Live!
Matt Damon,Judge Not: In Defense of Dogma
Matt Damon,Late Night with Conan O'Brien
Matt Damon,Late Night with Seth Meyers
Matt Damon,Law & Order: Criminal Intent
Matt Damon,Life of Kylie
Matt Damon,Live from Studio Five
Matt Damon,MTV Movie & TV Awards
Matt Damon,Magnificent Desolation: Walking on the Moon
Matt Damon,Making 'Saving Private Ryan'
Matt Damon,Making It Stick: The Makeup Effects of Stuck on You
Matt Damon,Margaret
Matt Damon,Marvel Studios Assembled: The Making of Thor: Love and Thunder
Matt Damon,Mystic Pizza
Matt Damon,No Sudden Move
Matt Damon,Notes on an American Film Director at Work
Matt Damon,Ocean's Eleven
Matt Damon,Ocean's Thirteen
Matt Damon,Ocean's Twelve
Matt Damon,Off Camera with Sam Jones
Matt Damon,"Oh, What a Lovely Tea Party"
Matt Damon,Once Upon a Deadpool
Matt Damon,Oppenheimer
Matt Damon,Plan B
Matt Damon,Prince: 21 Nights in London
Matt Damon,Promised Land
Matt Damon,Radioman
Matt Damon,Reflections on 'the Talented Mr. Ripley'
Matt Damon,Rising Son
Matt Damon,Rounders
Matt Damon,Saltlake Van Sant
Matt Damon,Saturday Night Live
Matt Damon,Saving Private Ryan
Matt Damon,School Ties
Matt Damon,SmartLess: On the Road
Matt Damon,Spirit: Stallion of the Cimarron
Matt Damon,Stillwater
Matt Damon,"Stranger Than Fiction: The True Story of Whitey Bulger, Southie and 'The Departed'"
Matt Damon,Stuck Together: Bringing Stuck on You to the Screen
Matt Damon,Stuck on You
Matt Damon,Suburbicon
Matt Damon,Syriana
Matt Damon,Teen Choice Awards
Matt Damon,Teenage Paparazzo
Matt Damon,The Adjustment Bureau
Matt Damon,The Bernie Mac Show
Matt Damon,The Bourne Identity
Matt Damon,The Bourne Supremacy
Matt Damon,The Bourne Ultimatum
Matt Damon,The Brothers Grimm
Matt Damon,The Brothers Grimm: Bringing the Fairytale to Life
Matt Damon,The Daily Show
Matt Damon,The Departed
Matt Damon,The Early Show
Matt Damon,The Good Old Boys
Matt Damon,The Good Shepherd
Matt Damon,The Graham Norton Show
Matt Damon,The Great Wall
Matt Damon,The Hills
Matt Damon,The Informant!
Matt Damon,The Instigators
Matt Damon,The Jay Leno Show
Matt Damon,The Kelly Clarkson Show
Matt Damon,The Last Duel
Matt Damon,The Late Show with Stephen Colbert
Matt Damon,The Legend of Bagger Vance
Matt Damon,The Long Way Home: Making 'The Martian'
Matt Damon,The Majestic
Matt Damon,The Making of the Last Duel
Matt Damon,The Man Who Saved the World
Matt Damon,The Martian
Matt Damon,The Monuments Men
Matt Damon,The Oscars
Matt Damon,The Rainmaker
Matt Damon,The Roast of Tom Brady
Matt Damon,The Talented Mr. Ripley
Matt Damon,The Talented Mr. Ripley: Making the Soundtrack
Matt Damon,The Third Wheel
Matt Damon,The Tonight Show Starring Jimmy Fallon
Matt Damon,The Tonight Show with Jay Leno
Matt Damon,The View
Matt Damon,The Zero Theorem
Matt Damon,Thor: Love and Thunder
Matt Damon,Thor: Ragnarok
Matt Damon,Time Bomb Y2K
Matt Damon,Titan A.E.
Matt Damon,Today
Matt Damon,True Grit
Matt Damon,Unsane
Matt Damon,Untitled Sixth Jason Bourne Film
Matt Damon,We Bought a Zoo
Matt Damon,Will & Grace
Matt Damon,"Women, War & Peace"
Matt Damon,Youth Without Youth
Matthew McConaughey,05
Matthew McConaughey,2024
Matthew McConaughey,21 Years: Richard Linklater
Matthew McConaughey,A Time to Kill
Matthew McConaughey,Absolute Evel: The Evel Knievel Story
Matthew McConaughey,Agent Elvis
Matthew McConaughey,Amistad
Matthew McConaughey,Angels in the Outfield
Matthew McConaughey,Austin City Limits Celebrates 40 Years
Matthew McConaughey,Behind the Music
Matthew McConaughey,Bernie
Matthew McConaughey,Best Week Ever
Matthew McConaughey,Between Two Ferns: The Movie
Matthew McConaughey,Boys on the Side
Matthew McConaughey,Brother from Another Mother
Matthew McConaughey,CMT Insider
Matthew McConaughey,Carpool Karaoke: The Series
Matthew McConaughey,Celebrities Uncensored
Matthew McConaughey,Come Home
Matthew McConaughey,Contact
Matthew McConaughey,Cup of Joe
Matthew McConaughey,Dallas Buyers Club
Matthew McConaughey,Dazed and Confused
Matthew McConaughey,Deep in the Heart: A Texas Wildlife Story
Matthew McConaughey,"Diners, Drive-Ins and Dives"
Matthew McConaughey,Disclosure
Matthew McConaughey,Eastbound & Down
Matthew McConaughey,Edtv
Matthew McConaughey,Failure to Launch
Matthew McConaughey,Fast Times at Ridgemont High: A Virtual Table Read
Matthew McConaughey,Fool's Gold
Matthew McConaughey,Frailty
Matthew McConaughey,Free State of Jones
Matthew McConaughey,Friedkin Uncut
Matthew McConaughey,Ghosts of Girlfriends Past
Matthew McConaughey,Glory Daze
Matthew McConaughey,Gold
Matthew McConaughey,Goldene Kamera Verleihung
Matthew McConaughey,Honest Trailers
Matthew McConaughey,Hot Ones
Matthew McConaughey,How to Lose a Guy in 10 Days
Matthew McConaughey,I Am Evel Knievel
Matthew McConaughey,Inside 'Interstellar'
Matthew McConaughey,Interstellar
Matthew McConaughey,Interstellar: Nolan's Odyssey
Matthew McConaughey,Jimmy Kimmel Live!
Matthew McConaughey,Judgement
Matthew McConaughey,Killer Joe
Matthew McConaughey,King of the Hill
Matthew McConaughey,Kubo and the Two Strings
Matthew McConaughey,LIVE with Kelly and Mark
Matthew McConaughey,Larger Than Life
Matthew McConaughey,Late Night with Conan O'Brien
Matthew McConaughey,Late Night with Seth Meyers
Matthew McConaughey,Lone Star
Matthew McConaughey,Magic Mike
Matthew McConaughey,Magnificent Desolation: Walking on the Moon
Matthew McConaughey,Making Dazed
Matthew McConaughey,Making Sandwiches
Matthew McConaughey,Man in the Glass: Dale Brown Story
Matthew McConaughey,Martha & Snoop's Potluck Dinner Party
Matthew McConaughey,Matty’s Motel
Matthew McConaughey,Mud
Matthew McConaughey,My Boyfriend's Back
Matthew McConaughey,My Crazy Life
Matthew McConaughey,Nine Ball
Matthew McConaughey,One World: Together at Home
Matthew McConaughey,Paparazzi
Matthew McConaughey,Real Time with Bill Maher
Matthew McConaughey,Red Table Talk
Matthew McConaughey,Reign of Fire
Matthew McConaughey,Richard Linklater: Dream Is Destiny
Matthew McConaughey,Roll Up Your Sleeves
Matthew McConaughey,Sahara
Matthew McConaughey,Saturday Night Live
Matthew McConaughey,Scorpion Spring
Matthew McConaughey,Serenity
Matthew McConaughey,Sex and the City
Matthew McConaughey,Sing
Matthew McConaughey,Sing 2
Matthew McConaughey,Submission
Matthew McConaughey,Superhuman Body: World of Medical Marvels
Matthew McConaughey,"Surfer, Dude"
Matthew McConaughey,Synthesizers
Matthew McConaughey,TRL
Matthew McConaughey,Tamron Hall
Matthew McConaughey,Teen Choice Awards
Matthew McConaughey,Thanks a Million
Matthew McConaughey,The Beach Bum
Matthew McConaughey,The Daily Show
Matthew McConaughey,The Dark Tower
Matthew McConaughey,The Ellen DeGeneres Show
Matthew McConaughey,The Gentlemen
Matthew McConaughey,The Graham Norton Show
Matthew McConaughey,The Jennifer Hudson Show
Matthew McConaughey,The Kelly Clarkson Show
Matthew McConaughey,The Late Late Show with Craig Ferguson
Matthew McConaughey,The Late Show with Stephen Colbert
Matthew McConaughey,The Lincoln Lawyer
Matthew McConaughey,The Lost Bus
Matthew McConaughey,The Men In Blazers Show
Matthew McConaughey,The Newton Boys
Matthew McConaughey,The Oprah Conversation
Matthew McConaughey,The Oscars
Matthew McConaughey,The Paperboy
Matthew McConaughey,The Return of the Texas Chainsaw Massacre
Matthew McConaughey,The Return of the Texas Chainsaw Massacre: The Documentary
Matthew McConaughey,The Rivals of Amziah King
Matthew McConaughey,The Russell Howard Hour
Matthew McConaughey,The Science of Interstellar
Matthew McConaughey,The Sea of Trees
Matthew McConaughey,The Story of Darrell Royal
Matthew McConaughey,The Tonight Show Starring Jimmy Fallon
Matthew McConaughey,The Tonight Show with Jay Leno
Matthew McConaughey,The View
Matthew McConaughey,The Wedding Planner
Matthew McConaughey,The Wolf of Wall Street
Matthew McConaughey,Thirteen Conversations About One Thing
Matthew McConaughey,Tiptoes
Matthew McConaughey,Today
Matthew McConaughey,Tropic Thunder
Matthew McConaughey,True Detective
Matthew McConaughey,Two for the Money
Matthew McConaughey,U-571
Matthew McConaughey,U2 at The BBC
Matthew McConaughey,Variety Studio: Actors on Actors
Matthew McConaughey,Watch What Happens Live with Andy Cohen
Matthew McConaughey,We Are Marshall
Matthew McConaughey,We Walk The Line: A Celebration of the Music of Johnny Cash
Matthew McConaughey,Welcome to Hollywood
Matthew McConaughey,White Boy Rick
Michael Caine,"20,000 Leagues Under the Sea"
Michael Caine,50 Films to See Before You Die
Michael Caine,A Bridge Too Far
Michael Caine,A Hill in Korea
Michael Caine,A Shock to the System
Michael Caine,AGFA MYSTERY MIXTAPE #3: SEQUELITIS
Michael Caine,Acting
Michael Caine,Alfie
Michael Caine,An Accidental Studio
Michael Caine,And the Winner Isn't
Michael Caine,Armchair Theatre
Michael Caine,Around the Bend
Michael Caine,Arte 1 Documenta
Michael Caine,Ashanti
Michael Caine,Austin Powers in Goldmember
Michael Caine,Batman Begins
Michael Caine,Battle of Britain
Michael Caine,Best Sellers
Michael Caine,Bewitched
Michael Caine,Beyond the Poseidon Adventure
Michael Caine,Billion Dollar Brain
Michael Caine,Blame It on Rio
Michael Caine,Blind Spot
Michael Caine,Blood Money
Michael Caine,Blood and Wine
Michael Caine,Blue Ice
Michael Caine,Bullet to Beijing
Michael Caine,Bullseye!
Michael Caine,California Suite
Michael Caine,Cars 2
Michael Caine,Carve Her Name with Pride
Michael Caine,Cary Grant: A Celebration of a Leading Man
Michael Caine,Charlie Sheen's Stunts Spectacular
Michael Caine,Children of Men
Michael Caine,Close Up with The Hollywood Reporter
Michael Caine,Come Away
Michael Caine,Curtain Call
Michael Caine,Danger Within
Michael Caine,Deadfall
Michael Caine,Deadline Midnight
Michael Caine,Dear Dictator
Michael Caine,Deathtrap
Michael Caine,Der große Preis
Michael Caine,Dirty Rotten Scoundrels
Michael Caine,"Dirty, Sexy & Totally Iconic"
Michael Caine,Discovering Hamlet
Michael Caine,Dressed to Kill
Michael Caine,Dunkirk
Michael Caine,Edgar Wallace Mysteries
Michael Caine,Educating Rita
Michael Caine,Elle s'appelait Françoise
Michael Caine,Ending the Knight
Michael Caine,Escape to Victory
Michael Caine,Flawless
Michael Caine,Four Kids and It
Michael Caine,Foxhole in Cairo
Michael Caine,Funeral in Berlin
Michael Caine,Gambit
Michael Caine,Get Carter
Michael Caine,Gnomeo & Juliet
Michael Caine,Going in Style
Michael Caine,Half Moon Street
Michael Caine,Hamlet at Elsinore
Michael Caine,Hannah and Her Sisters
Michael Caine,Harry Brown
Michael Caine,Harry and Walter Go to New York
Michael Caine,Heath Ledger: A Tribute
Michael Caine,Helter Skelter: An American Myth
Michael Caine,Hero
Michael Caine,Hollywood U.K.: British Cinema in the Sixties
Michael Caine,How to Murder a Rich Uncle
Michael Caine,Hurry Sundown
Michael Caine,Inception
Michael Caine,Inside 'Interstellar'
Michael Caine,Inside 'the Swarm'
Michael Caine,Inside the Actors Studio
Michael Caine,Interstellar
Michael Caine,Interstellar: Nolan's Odyssey
Michael Caine,Is Anybody There?
Michael Caine,Jack the Ripper
Michael Caine,Jaws: The Revenge
Michael Caine,Jekyll & Hyde
Michael Caine,"John Huston: The Man, the Movies, the Maverick"
Michael Caine,Journey 2: The Mysterious Island
Michael Caine,Kidnapped
Michael Caine,King of Thieves
Michael Caine,Kingsman: The Secret Service
Michael Caine,Kingsman: The Secret Service Revealed
Michael Caine,Knights of Classic Drama at the BBC
Michael Caine,LIVE with Kelly and Mark
Michael Caine,Last Orders
Michael Caine,Late Night with Conan O'Brien
Michael Caine,Laughs and Larrikins
Michael Caine,Legends
Michael Caine,Little Voice
Michael Caine,Live from Studio Five
Michael Caine,MCAINE: An Anagram of Cinema
Michael Caine,Mad About the Boy: The Noël Coward Story
Michael Caine,Male of the Species
Michael Caine,Mandela and de Klerk
Michael Caine,Mark Saber
Michael Caine,Medieval
Michael Caine,Michael Caine: Breaking the Mold
Michael Caine,Midnight in Saint Petersburg
Michael Caine,Miss Congeniality
Michael Caine,Mona Lisa
Michael Caine,Monty Python's The Meaning of Life
Michael Caine,Morning Departure
Michael Caine,Mr. Destiny
Michael Caine,Mr. Morgan's Last Love
Michael Caine,My Generation
Michael Caine,Navy Log
Michael Caine,Night of 100 Stars II
Michael Caine,Night of 100 Stars III
Michael Caine,Noises Off...
Michael Caine,Now You See Me
Michael Caine,Now You See Me 2
Michael Caine,On Deadly Ground
Michael Caine,Passport to Shame
Michael Caine,Peeper
Michael Caine,Pinter's Progress
Michael Caine,Play Dirty
Michael Caine,Preminger: Anatomy of a Filmmaker
Michael Caine,Pulp
Michael Caine,Quicksand
Michael Caine,Quills
Michael Caine,Quincy
Michael Caine,Rickles
Michael Caine,Roger Moore: A Matter Of Class
Michael Caine,Roman Polanski: Wanted and Desired
Michael Caine,Rowan & Martin's Laugh-In
Michael Caine,Sailor Beware
Michael Caine,Sean Connery: Private
Michael Caine,Secondhand Lions
Michael Caine,Shadow Run
Michael Caine,Sherlock Gnomes
Michael Caine,Shiner
Michael Caine,Silver Bears
Michael Caine,Simon Simon
Michael Caine,Sir David Frost: That Was the Life That Was
Michael Caine,Sleuth
Michael Caine,Solo for Sparrow
Michael Caine,Stonehearst Asylum
Michael Caine,Surrender
Michael Caine,Sweet Liberty
Michael Caine,Tenet
Michael Caine,Terror in the Aisles
Michael Caine,The Actors
Michael Caine,The Adventures of Sir Lancelot
Michael Caine,The Adventures of William Tell
Michael Caine,The Black Windmill
Michael Caine,The Bulldog Breed
Michael Caine,The Caine Mutiny Court-Martial
Michael Caine,The Cider House Rules
Michael Caine,The Daily Show
Michael Caine,The Dark Knight
Michael Caine,The Dark Knight Rises
Michael Caine,The Day the Earth Caught Fire
Michael Caine,The Debtors
Michael Caine,The Dick Cavett Show
Michael Caine,The Director's Notebook: The Cinematic Sleight of Hand of Christopher Nolan
Michael Caine,The Eagle Has Landed
Michael Caine,The Fire Rises: The Creation and Impact of The Dark Knight Trilogy
Michael Caine,The First 100 Years: A Celebration of American Movies
Michael Caine,The Foreign Eye
Michael Caine,The Fourth Protocol
Michael Caine,The Golden Gong: The Story of Rank Films - British Cinema's Legendary Studio
Michael Caine,The Graham Norton Show
Michael Caine,The Great Escaper
Michael Caine,The Hand
Michael Caine,The Holcroft Covenant
Michael Caine,The Honorary Consul
Michael Caine,The Ipcress File
Michael Caine,The Island
Michael Caine,The Italian Job
Michael Caine,The Jigsaw Man
Michael Caine,The Key
Michael Caine,The Last Valley
Michael Caine,The Last Witch Hunter
Michael Caine,The Late Late Show with Craig Ferguson
Michael Caine,The Late Show with Stephen Colbert
Michael Caine,The Magus
Michael Caine,The Making Of 'The Italian Job'
Michael Caine,The Making of Jaws The Revenge
Michael Caine,The Man Who Got Carter
Michael Caine,The Man Who Would Be King
Michael Caine,The Many Faces of... Michael Caine
Michael Caine,The Marseille Contract
Michael Caine,The Merv Griffin Show
Michael Caine,The Mike Douglas Show
Michael Caine,The Movie Life of George
Michael Caine,The Muppet Christmas Carol
Michael Caine,The One Show
Michael Caine,The Oscars
Michael Caine,The Prestige
Michael Caine,The Quiet American
Michael Caine,The Romantic Englishwoman
Michael Caine,The Sound of 007
Michael Caine,The Statement
Michael Caine,The Swarm
Michael Caine,The Tonight Show with Jay Leno
Michael Caine,The Two-Headed Spy
Michael Caine,The View
Michael Caine,The Weather Man
Michael Caine,The Whistle Blower
Michael Caine,The Wilby Conspiracy
Michael Caine,The Wrong Arm of the Law
Michael Caine,The Wrong Box
Michael Caine,Tonite Let's All Make Love in London
Michael Caine,Tony Awards
Michael Caine,Too Late the Hero
Michael Caine,Top Deck
Michael Caine,Twist
Michael Caine,V.I.P. Schaukel
Michael Caine,Valentino: The Last Emperor
Michael Caine,Walk a Crooked Mile
Michael Caine,Water
Michael Caine,What's My Line?
Michael Caine,Wimbledon 2010 Official Film
Michael Caine,Without a Clue
Michael Caine,Woman Times Seven
Michael Caine,World War II: When Lions Roared
Michael Caine,Youth
Michael Caine,Zee and Co.
Michael Caine,Zulu
Russ Fega,Babylon 5
Russ Fega,Galaxis
Russ Fega,I Am Sam
Russ Fega,Inception
Russ Fega,Interstellar
Russ Fega,Judas Kiss
Russ Fega,Memento
Russ Fega,Mobsters
Russ Fega,Prey of the Chameleon
Russ Fega,Star Trek: Voyager
Russ Fega,Sticks & Stones
Russ Fega,Tales of the Unknown
Russ Fega,The Dark Knight Rises
Russ Fega,The Naked Truth
Russ Fega,The Prestige
Russ Fega,Things I Never Told You
Russ Fega,Unholy Matrimony
Russ Fega,Used Cars
Ryan Irving,"3 Bed, 2 Bath, 1 Ghost"
Ryan Irving,Bark
Ryan Irving,DC's Legends of Tomorrow
Ryan Irving,Heritage Minutes: Winnipeg Falcons
Ryan Irving,Hold the Dark
Ryan Irving,Interstellar
Ryan Irving,Memento Mori
Ryan Irving,Wynonna Earp
Ryan Irving,Zoey's Extraordinary Playlist
Timothée Chalamet,A Complete Unknown
Timothée Chalamet,A Man Named Scott
Timothée Chalamet,A Rainy Day in New York
Timothée Chalamet,Art of Style: Jean Cocteau
Timothée Chalamet,Beautiful Boy
Timothée Chalamet,Bones and All
Timothée Chalamet,Butcher's Hill
Timothée Chalamet,Call Me by Your Name
Timothée Chalamet,Close Up with The Hollywood Reporter
Timothée Chalamet,Clown
Timothée Chalamet,Don't Look Up
Timothée Chalamet,Dune
Timothée Chalamet,Dune: Part Three
Timothée Chalamet,Dune: Part Two
Timothée Chalamet,Entergalactic
Timothée Chalamet,Great Performers: Horror Show
Timothée Chalamet,Hollywood Insider
Timothée Chalamet,Homeland
Timothée Chalamet,Honest Trailers
Timothée Chalamet,Hostiles
Timothée Chalamet,Hot Summer Nights
Timothée Chalamet,Interstellar
Timothée Chalamet,Jimmy Kimmel Live!
Timothée Chalamet,Lady Bird
Timothée Chalamet,Late Night with Seth Meyers
Timothée Chalamet,Law & Order
Timothée Chalamet,Leute heute
Timothée Chalamet,Little Women
Timothée Chalamet,Love the Coopers
Timothée Chalamet,Loving Leah
Timothée Chalamet,"Men, Women & Children"
Timothée Chalamet,Miss Stevens
Timothée Chalamet,One & Two
Timothée Chalamet,Polycephaly in D
Timothée Chalamet,Royal Pains
Timothée Chalamet,Saturday Night Live
Timothée Chalamet,Spinners
Timothée Chalamet,The Adderall Diaries
Timothée Chalamet,The Enigmatic Charlotte Rampling
Timothée Chalamet,The French Dispatch
Timothée Chalamet,The Graham Norton Show
Timothée Chalamet,The King
Timothée Chalamet,The Late Show with Stephen Colbert
Timothée Chalamet,The Oscars
Timothée Chalamet,The Tonight Show Starring Jimmy Fallon
Timothée Chalamet,Variety Studio: Actors on Actors
Timothée Chalamet,We Are Who We Are
Timothée Chalamet,Wonka
Timothée Chalamet,Worst Friends
Timothée Chalamet,mr demoneiro
Topher Grace,American Ultra
Topher Grace,Barely Lethal
Topher Grace,Best Week Ever
Topher Grace,BlacKkKlansman
Topher Grace,Black Mirror
Topher Grace,Breakthrough
Topher Grace,Comedy Bang! Bang!
Topher Grace,Conan
Topher Grace,Delirium
Topher Grace,Don Peyote
Topher Grace,E! True Hollywood Story
Topher Grace,Flight Risk
Topher Grace,Home Economics
Topher Grace,In Good Company
Topher Grace,Inside 'Interstellar'
Topher Grace,Inside Traffic: The Making of 'Traffic'
Topher Grace,Interstellar
Topher Grace,Irresistible
Topher Grace,King of the Hill
Topher Grace,LIVE with Kelly and Mark
Topher Grace,Late Night with Conan O'Brien
Topher Grace,Late Night with Seth Meyers
Topher Grace,"Love, Death & Robots"
Topher Grace,Marvel's Ultimate Spider-Man
Topher Grace,Mississippi Requiem
Topher Grace,Mona Lisa Smile
Topher Grace,Ocean's Eleven
Topher Grace,Ocean's Twelve
Topher Grace,Old Uno
Topher Grace,On Air with Ryan Seacrest
Topher Grace,Opening Night
Topher Grace,P.S.
Topher Grace,Personal Effects
Topher Grace,Playing It Cool
Topher Grace,Predators
Topher Grace,Predators: The Chosen
Topher Grace,Robot Chicken
Topher Grace,Saturday Night Live
Topher Grace,Saturday Night Live: The Best of Amy Poehler
Topher Grace,Spider-Man 3
Topher Grace,Take Me Home Tonight
Topher Grace,Tamron Hall
Topher Grace,Teen Choice Awards
Topher Grace,That '70s Show
Topher Grace,That '90s Show
Topher Grace,The Beauty Inside
Topher Grace,The Big Wedding
Topher Grace,The Calling
Topher Grace,The Double
Topher Grace,The Ellen DeGeneres Show
Topher Grace,The Giant Mechanical Man
Topher Grace,The Hot Zone
Topher Grace,The Institute
Topher Grace,The Kelly Clarkson Show
Topher Grace,The Late Late Show with Craig Kilborn
Topher Grace,The Late Show with Stephen Colbert
Topher Grace,The Reichen Show
Topher Grace,The Simpsons
Topher Grace,The Twilight Zone
Topher Grace,The View
Topher Grace,Too Big to Fail
Topher Grace,Traffic
Topher Grace,Truth
Topher Grace,Under the Silver Lake
Topher Grace,Valentine's Day
Topher Grace,War Machine
Topher Grace,Watch What Happens Live with Andy Cohen
Topher Grace,Win a Date with Tad Hamilton!
Topher Grace,Workaholics
Wes Bentley,3 Nights in the Desert
Wes Bentley,After the Fall
Wes Bentley,After-School Special
Wes Bentley,American Beauty
Wes Bentley,American Beauty: Look Closer...
Wes Bentley,American Horror Story
Wes Bentley,Amnesiac
Wes Bentley,Beloved
Wes Bentley,Blade Runner: Black Lotus
Wes Bentley,Broken Vows
Wes Bentley,Carving Out Our Name
Wes Bentley,Cesar Chavez
Wes Bentley,Dolan's Cadillac
Wes Bentley,Final Girl
Wes Bentley,Ghost Rider
Wes Bentley,Gone
Wes Bentley,Hidden Moon
Wes Bentley,Hirokin: The Last Samurai
Wes Bentley,Interstellar
Wes Bentley,Jonah Hex
Wes Bentley,Knight of Cups
Wes Bentley,Lovelace
Wes Bentley,Mission: Impossible - Fallout
Wes Bentley,My Big Break
Wes Bentley,Open
Wes Bentley,P2
Wes Bentley,Pete's Dragon
Wes Bentley,Pioneer
Wes Bentley,Rites of Passage
Wes Bentley,Soul Survivors
Wes Bentley,Stars In Shorts
Wes Bentley,The Best of Enemies
Wes Bentley,The Better Angels
Wes Bentley,The Claim
Wes Bentley,The Four Feathers
Wes Bentley,The Game of Their Lives
Wes Bentley,The Greims
Wes Bentley,The Hunger Games
Wes Bentley,The Kelly Clarkson Show
Wes Bentley,The Last Word
Wes Bentley,The Time Being
Wes Bentley,The Tomb
Wes Bentley,The Ungodly
Wes Bentley,The White River Kid
Wes Bentley,The World Is Watching: Making the Hunger Games
Wes Bentley,There Be Dragons
Wes Bentley,Three Below Zero
Wes Bentley,Underworld: Awakening
Wes Bentley,We Are Your Friends
Wes Bentley,Weirdsville
Wes Bentley,Welcome to Me
Wes Bentley,Yellowstone
William Devane,24
William Devane,50 to 1
William Devane,A Christmas Visitor
William Devane,A Woman Named Jackie
William Devane,Ancient Secrets of the Bible
William Devane,Bad Turn Worse
William Devane,Black Beauty
William Devane,Bosch: Legacy
William Devane,"Chips, the War Dog"
William Devane,Crime Club
William Devane,Crumbs
William Devane,Deceit
William Devane,Doomsday Rock
William Devane,Exception to the Rule
William Devane,Family Plot
William Devane,Fear on Trial
William Devane,Flag of My Father
William Devane,For the Love of Nancy
William Devane,Forgotten Sins
William Devane,Freefall: Flight 174
William Devane,From Here to Eternity
William Devane,"Good Morning, Killer"
William Devane,Gunsmoke
William Devane,Hadley's Rebellion
William Devane,Hollow Man
William Devane,Honky Tonk Freeway
William Devane,Hope and Gloria
William Devane,In the Country
William Devane,Interstellar
William Devane,Jane Doe
William Devane,Jesse Stone: Benefit of the Doubt
William Devane,Jesse Stone: Death in Paradise
William Devane,Jesse Stone: Innocents Lost
William Devane,Jesse Stone: Lost in Paradise
William Devane,Jesse Stone: No Remorse
William Devane,Jesse Stone: Sea Change
William Devane,Jesse Stone: Thin Ice
William Devane,King of the Hill
William Devane,Knots Landing
William Devane,Knots Landing: Back to the Cul-de-Sac
William Devane,Lady Liberty
William Devane,Lady in Waiting
William Devane,Lois & Clark: The New Adventures of Superman
William Devane,Marathon Man
William Devane,McCabe & Mrs. Miller
William Devane,Medical Center
William Devane,Miracle on the Mountain: The Kincaid Family Story
William Devane,Monte Walsh
William Devane,Murder C.O.D.
William Devane,My Old Man's Place
William Devane,NCIS
William Devane,Night Watch
William Devane,Nightmare in Columbia County
William Devane,Obsessed
William Devane,Payback
William Devane,Phenom
William Devane,Plotting 'Family Plot'
William Devane,Poor White Trash
William Devane,Prophet of Evil: The Ervil LeBaron Story
William Devane,Psych
William Devane,Race to Space
William Devane,Red Alert
William Devane,Red Clover
William Devane,Red Flag: The Ultimate Game
William Devane,Report to the Commissioner
William Devane,Revenge
William Devane,Rolling Thunder
William Devane,Rubdown
William Devane,Space Cowboys
William Devane,Stargate SG-1
William Devane,Stargate: Continuum
William Devane,Testament
William Devane,The 300-Year Weekend
William Devane,The Absolute Truth
William Devane,The Bad News Bears in Breaking Training
William Devane,The Badge
William Devane,The Bait
William Devane,The Dark
William Devane,The Dark Knight Rises
William Devane,The Dealership
William Devane,The Fall
William Devane,The Grinder
William Devane,The Irish Whiskey Rebellion
William Devane,The Kane Files: Life of Trial
William Devane,The Least Among You
William Devane,The Man Who Used to Be Me
William Devane,The Michael Richards Show
William Devane,The Missiles of October
William Devane,The Monroes
William Devane,The Other Victim
William Devane,The Preppie Murder
William Devane,The President's Child
William Devane,The Pursuit of Happiness
William Devane,The River Why
William Devane,The Tonight Show Starring Johnny Carson
William Devane,The West Wing
William Devane,The X-Files
William Devane,Threat of Exposure
William Devane,Timestalkers
William Devane,Truth
William Devane,Turks
William Devane,Virus
William Devane,Vital Signs
William Devane,With Intent to Kill
William Devane,Yanks
William Patrick Brown,Chuck
William Patrick Brown,Friends with Benefits
William Patrick Brown,Interstellar
William Patrick Brown,Mighty Med
